[
    {
        "id": 1,
        "statement": "1. Which of the following indicates. Level Crossing Without Gate?",
        "options": [
            "1a.png",
            "1b.png",
            "1c.png",
            "1d.png"
        ],
        "correctOptionIndex": 0
    },
    {
        "id": 2,
        "statement": "2.Which of the following indicates. Restaurant?",
        "options": [
            "2a.png",
            "2b.png",
            "2c.png",
            "2d.png"
        ],
        "correctOptionIndex": 0
    },
    {
        "id": 3,
        "statement": "3. which of the following indicates. U-TURN IS PROHIBITED",
        "options": [
            "3a.png",
            "3b.png",
            "3c.png",
            "3d.png"
        ],
        "correctOptionIndex": 1
    },
    {
        "id": 4,
        "statement": "4.which of the follwoing indicate. Box junction",
        "options": [
            "4a.png",
            "4b.png",
            "4c.png",
            "4d.png"
        ],
        "correctOptionIndex": 1
    },
    {
        "id": 5,
        "statement": "5. which of the following indicates. PEDESTRIAN PASSAGE? ",
        "options": [
            "5a.png",
            "5b.png",
            "5c.png",
            "5d.png"
        ],
        "correctOptionIndex": 2
    }
]