[
    
    {
    "id":1,    
    "statement":"حضرت محمدﷺ۔۔۔۔۔۔۔۔ میں پیداہوئے۔",
     "option":[
        "1. مکہ",
         "2. مدینہ",
         "3. طائف",
         "4. حبشہ"
        ],
        "correctanswer":0
    },
    {
    "id":2,
        "statement":"حضرت محمدﷺ۔۔۔۔۔۔۔۔ میں پیداہوئے۔",
    "option":[
       "w",
       "c",
        "b",
        "4. a"
       ],
       "correctanswer":0
   }
]